Timestamp,Program,Gender,Age,Height_cm,Weight_kg,Prev_Salary,Expected_Salary,Preferred_Org,Live_with_Parents,Monthly_Expenses,Transport_Mode,Transport_Cost,Entertainment_Cost,Handedness,Cellphone_Cost,Smokes,Foot_Size_Inches,Alcoholic_Drinks_Per_Week,Has_Tattoo,Sleep_Hours,Social_Media_Hours,Study_Hours,Work_Hours,Traveled_Outside_NA,Pays_Tuition,Coffee_Cups_Per_Day,Work_Study_Ratio,Program ID,Type of Program
2019-02-04 03:26:35,HRMG,Female,22.0,177.8,110.0,1400.0,4000.0,3. Non-profit or Government Agency,No,700.0,1. Walk,0.0,100.0,0. Right-handed,68.0,No,11.12,0.0,Yes,8.0,10.0,10.0,0.0,Yes,No,0.0,0.0,1007.0,Diploma
2019-02-04 03:27:45,HRMG,Female,24.0,175.0,63.0,2000.0,3750.0,2. Small Company,Yes,300.0,3. Drive,600.0,150.0,0. Right-handed,60.0,No,9.5,0.0,Yes,8.0,7.0,20.0,0.0,Yes,Yes,2.0,0.0,1007.0,Diploma
2019-02-04 03:27:46,HRMG,Male,24.0,182.88,100.0,2000.0,3500.0,2. Small Company,Yes,200.0,3. Drive,100.0,150.0,1. Left-handed,82.0,No,10.5,1.0,No,6.0,20.0,20.0,8.0,Yes,No,0.0,0.3980099502487562,1007.0,Diploma
2019-02-04 03:29:06,HRMG,Female,34.0,,61.3,2500.0,3500.0,1. Large Corporation,Yes,300.0,3. Drive,500.0,400.0,0. Right-handed,70.0,No,7.0,0.0,Yes,78.0,14.0,20.0,0.0,Yes,No,1.0,0.0,1007.0,Diploma
2019-02-04 03:29:12,HRMG,Female,24.0,160.0,54.0,0.0,3800.0,2. Small Company,Yes,500.0,3. Drive,300.0,100.0,0. Right-handed,90.0,No,8.0,3.0,No,67.0,6.0,11.0,0.0,Yes,Yes,1.0,0.0,1007.0,Diploma
2019-02-04 03:29:30,HRMG,Female,24.0,164.0,65.0,2500.0,5000.0,2. Small Company,Yes,500.0,2. Public Transport,40.0,150.0,0. Right-handed,55.0,No,9.25,0.0,No,7.0,20.0,25.0,0.0,Yes,Yes,0.0,0.0,1007.0,Diploma
2019-02-04 03:29:38,HRMG,Female,27.0,153.0,55.0,2300.0,3000.0,2. Small Company,No,400.0,3. Drive,600.0,100.0,0. Right-handed,120.0,No,6.0,0.0,Yes,7.0,8.0,25.0,12.0,Yes,Yes,1.0,0.4780876494023904,1007.0,Diploma
2019-02-04 03:31:56,HRMG,Female,27.0,,,0.0,3500.0,2. Small Company,Yes,100.0,2. Public Transport,,5075.0,0. Right-handed,60.0,No,,1.0,No,5.0,2.0,28.0,,Yes,No,1.0,,1007.0,Diploma
2019-02-04 03:33:25,HRMG,Male,,,,,,1. Large Corporation,No,,3. Drive,,,2. Ambidextrous,,No,,,Yes,,,,,Yes,No,1.0,,1007.0,Diploma
2019-02-04 03:34:05,HRMG,Male,40.0,185.0,90.0,2000.0,4000.0,1. Large Corporation,No,3000.0,2. Public Transport,50.0,200.0,0. Right-handed,80.0,No,13.0,0.0,Yes,7.0,3.0,14.0,0.0,Yes,No,3.0,0.0,1007.0,Diploma
2019-02-04 03:35:08,HRMG,Male,25.0,165.0,70.3,1300.0,1600.0,1. Large Corporation,Yes,300.0,3. Drive,50.0,100.0,0. Right-handed,45.0,No,8.5,0.0,No,7.0,4.0,12.0,3.5,Yes,Yes,0.25,0.2892561983471075,1007.0,Diploma
2019-02-04 03:36:01,HRMG,Female,25.0,163.0,52.0,,43000.0,1. Large Corporation,Yes,500.0,3. Drive,20.0,150.0,0. Right-handed,45.0,No,9.5,0.0,No,6.0,20.0,20.0,8.0,Yes,No,2.0,0.3980099502487562,1007.0,Diploma
2019-02-04 03:39:16,HRMG,Female,38.0,,60.0,3000.0,3500.0,3. Non-profit or Government Agency,No,,2. Public Transport,41.0,,0. Right-handed,56.0,Yes,9.0,0.0,No,5.0,14.0,,0.0,Yes,No,0.0,,1007.0,Diploma
2019-02-04 03:40:00,HRMG,Female,24.0,162.56,,1920.0,,3. Non-profit or Government Agency,Yes,400.0,3. Drive,300.0,100.0,0. Right-handed,50.0,Yes,9.75,2.0,Yes,6.0,19.0,30.0,20.0,Yes,No,1.0,0.6644518272425249,1007.0,Diploma
2019-02-04 03:42:54,HRMG,Female,22.0,155.45,50.0,1600.0,2500.0,1. Large Corporation,No,500.0,2. Public Transport,0.0,30.0,0. Right-handed,95.0,Yes,9.5,0.0,Yes,10.0,5.0,40.0,0.0,No,No,3.0,0.0,1007.0,Diploma
2019-02-04 03:44:47,HRMG,Female,24.0,165.0,58.0,0.0,3000.0,1. Large Corporation,Yes,1000.0,3. Drive,150.0,60.0,0. Right-handed,0.0,No,14.0,0.0,No,7.0,25.0,40.0,8.0,Yes,No,1.0,0.199501246882793,1007.0,Diploma
2019-02-04 03:46:15,HRMG,Male,23.0,179.0,86.0,2500.0,3200.0,2. Small Company,Yes,400.0,3. Drive,340.0,250.0,0. Right-handed,60.0,No,10.25,5.0,No,7.0,2.0,24.0,8.0,No,Yes,3.0,0.3319502074688796,1007.0,Diploma
2019-02-04 03:49:00,HRMG,Female,22.0,158.0,53.0,900.0,4000.0,4. Other,Yes,350.0,3. Drive,200.0,100.0,0. Right-handed,0.0,No,9.25,3.0,No,6.0,14.0,30.0,6.0,No,No,1.0,0.1993355481727574,1007.0,Diploma
2019-02-04 03:49:12,HRMG,Female,25.0,150.0,50.0,3500.0,4000.0,1. Large Corporation,Yes,500.0,2. Public Transport,100.0,140.0,0. Right-handed,53.76,Yes,9.0,3.0,Yes,5.0,5.0,30.0,0.0,Yes,Yes,0.0,0.0,1007.0,Diploma
2019-02-04 06:31:07,HRMG,Male,25.0,178.0,75.0,4200.0,4000.0,1. Large Corporation,No,1000.0,1. Walk,0.0,200.0,0. Right-handed,0.0,No,10.0,3.0,No,6.0,13.0,,0.0,Yes,Yes,4.0,,1007.0,Diploma
2019-02-04 06:38:05,HRMG,Female,30.0,165.0,99.0,3000.0,5000.0,2. Small Company,No,800.0,3. Drive,200.0,200.0,0. Right-handed,120.0,No,10.2,2.0,Yes,6.0,15.0,40.0,12.0,Yes,Yes,2.0,0.2992518703241895,1007.0,Diploma
2019-02-04 06:40:15,HRMG,Female,25.0,170.0,114.0,2600.0,4000.0,2. Small Company,No,1000.0,3. Drive,200.0,400.0,0. Right-handed,120.0,Yes,9.0,24.0,Yes,7.5,14.0,24.0,816.0,Yes,No,1.0,33.85892116182573,1007.0,Diploma
2019-02-04 06:41:51,HRMG,Male,32.0,176.0,170.0,0.0,3000.0,1. Large Corporation,Yes,800.0,2. Public Transport,0.0,10.0,0. Right-handed,60.0,No,11.0,1.0,No,5.0,3.0,5.0,14.0,Yes,No,2.0,2.7450980392156863,1007.0,Diploma
2019-02-04 06:41:57,HRMG,Female,24.0,,108.0,2800.0,4000.0,1. Large Corporation,No,1800.0,2. Public Transport,40.0,100.0,0. Right-handed,70.0,No,6.5,0.0,No,6.5,12.0,25.0,3.0,Yes,No,1.0,0.1195219123505976,1007.0,Diploma
2019-02-04 06:44:01,HRMG,Female,22.0,170.18,,0.0,0.0,1. Large Corporation,Yes,600.0,3. Drive,200.0,10.0,0. Right-handed,30.0,No,9.87525,1.0,Yes,6.0,10.0,8.0,0.0,No,No,5.0,0.0,1007.0,Diploma
2019-02-04 06:44:50,HRMG,Female,22.0,174.0,51.0,800.0,4000.0,1. Large Corporation,Yes,300.0,2. Public Transport,0.0,200.0,0. Right-handed,125.0,Yes,10.0,3.0,No,8.0,14.0,20.0,12.0,Yes,No,1.0,0.5970149253731343,1007.0,Diploma
2019-02-04 06:45:51,HRMG,Female,23.0,163.0,49.0,1700.0,3000.0,3. Non-profit or Government Agency,Yes,200.0,3. Drive,120.0,100.0,0. Right-handed,65.0,No,9.0,0.0,Yes,6.0,2.0,10.0,4.0,Yes,No,1.0,0.396039603960396,1007.0,Diploma
2019-02-04 06:47:12,HRMG,Female,24.0,160.0,66.0,1600.0,3750.0,2. Small Company,Yes,400.0,3. Drive,440.0,100.0,0. Right-handed,100.0,No,9.5,0.0,Yes,6.5,3.0,12.0,0.0,Yes,No,2.0,0.0,1007.0,Diploma
2019-02-04 06:47:32,HRMG,Female,23.0,157.0,66.0,2000.0,3750.0,1. Large Corporation,Yes,400.0,4. Carpool,0.0,50.0,0. Right-handed,55.0,No,9.5,0.0,Yes,6.5,31.5,30.0,0.0,Yes,Yes,1.0,0.0,1007.0,Diploma
2019-02-04 06:49:25,HRMG,Male,29.0,170.0,81.0,2400.0,4000.0,2. Small Company,No,1000.0,2. Public Transport,40.0,100.0,0. Right-handed,95.0,No,10.56,4.0,No,7.0,1.5,40.0,10.0,Yes,Yes,1.0,0.2493765586034912,1007.0,Diploma
2019-02-04 06:49:29,HRMG,Female,35.0,157.0,64.0,3900.0,4500.0,3. Non-profit or Government Agency,No,300.0,3. Drive,60.0,80.0,0. Right-handed,50.0,Yes,9.0,3.0,No,7.0,1.0,36.0,7.0,Yes,No,0.0,0.1939058171745152,1007.0,Diploma
2019-02-04 06:58:02,HRMG,Male,26.0,170.0,155.0,1200.0,40000.0,2. Small Company,No,900.0,1. Walk,0.0,50.0,0. Right-handed,68.0,No,7.0,2.0,No,6.0,20.0,24.0,0.0,Yes,Yes,1.0,0.0,1007.0,Diploma
2019-02-05 10:58:22,BMGT,Female,21.0,,58.0,0.0,4000.0,1. Large Corporation,Yes,2000.0,3. Drive,800.0,1000.0,1. Left-handed,65.0,No,5.0,,No,8.0,40.0,8.0,8.0,Yes,No,,0.9876543209876544,1004.0,Diploma
2019-02-05 11:11:28,BMGT,Female,24.0,161.0,52.1,0.0,4000.0,1. Large Corporation,No,1000.0,3. Drive,300.0,500.0,0. Right-handed,60.0,No,9.06,0.0,No,8.0,14.0,7.0,20.0,Yes,Yes,0.0,2.8169014084507045,1004.0,Diploma
2019-02-05 11:22:05,BMGT,,22.0,165.0,109.0,0.0,2500.0,1. Large Corporation,No,1000.0,2. Public Transport,0.0,30.0,0. Right-handed,50.0,Yes,9.25,0.0,Yes,9.0,20.0,30.0,0.0,Yes,No,3.0,0.0,1004.0,Diploma
2019-02-06 07:29:26,BMGT,Female,23.0,168.0,53.0,0.0,0.0,2. Small Company,No,1000.0,2. Public Transport,50.0,300.0,0. Right-handed,80.0,No,7.0,0.0,No,8.0,20.0,8.0,0.0,Yes,No,0.0,0.0,1004.0,Diploma
2019-02-06 12:15:54,BMGT,Male,21.0,181.0,70.0,2100.0,6666.0,1. Large Corporation,No,2100.0,2. Public Transport,30.0,30.0,0. Right-handed,50.0,No,,1.0,No,8.0,2.0,40.0,20.0,Yes,No,1.0,0.4987531172069825,1004.0,Diploma
2019-02-06 14:23:29,BMGT,Male,23.0,180.0,88.0,0.0,3000.0,2. Small Company,No,1500.0,2. Public Transport,0.0,200.0,1. Left-handed,70.0,No,10.0,0.0,Yes,7.0,40.0,25.0,0.0,No,Yes,0.0,0.0,1004.0,Diploma
2019-02-07 20:51:12,BMGT,Female,35.0,160.0,50.0,3000.0,3000.0,3. Non-profit or Government Agency,No,1500.0,2. Public Transport,130.0,200.0,0. Right-handed,60.0,No,,,No,7.0,1.0,10.0,20.0,Yes,No,2.0,1.98019801980198,1004.0,Diploma
2019-02-08 00:17:24,BMGT,Male,21.0,183.0,85.0,4400.0,6500.0,2. Small Company,Yes,500.0,3. Drive,500.0,500.0,0. Right-handed,120.0,No,12.0,10.0,Yes,7.0,1.0,30.0,30.0,Yes,Yes,2.0,0.9966777408637874,1004.0,Diploma
2019-02-08 00:23:35,BMGT,Male,30.0,178.0,75.0,3500.0,4500.0,1. Large Corporation,No,2000.0,3. Drive,250.0,80.0,0. Right-handed,77.0,No,10.0,3.0,No,7.0,1.0,15.0,0.0,Yes,Yes,2.0,0.0,1004.0,Diploma
2019-02-08 00:25:02,BMGT,,23.0,195.0,110.0,5200.0,6000.0,4. Other,Yes,400.0,3. Drive,100.0,50.0,0. Right-handed,85.0,No,12.2,0.0,Yes,5.0,2.0,20.0,8.0,No,No,0.5,0.3980099502487562,1004.0,Diploma
2019-02-08 00:36:24,BMGT,Male,26.0,175.0,67.0,0.0,,4. Other,Yes,200.0,3. Drive,100.0,20.0,0. Right-handed,74.0,No,,0.0,No,7.0,1.0,35.0,0.0,Yes,No,1.0,0.0,1004.0,Diploma
2019-02-08 00:37:16,BMGT,Male,23.0,71.0,111.0,3200.0,,1. Large Corporation,Yes,400.0,3. Drive,300.0,200.0,0. Right-handed,50.0,Yes,11.0,10.0,No,4.0,5.0,25.0,0.0,Yes,No,2.0,0.0,1004.0,Diploma
2019-02-08 00:38:08,BMGT,Female,10.0,,61.0,2400.0,5000.0,2. Small Company,No,0.0,5. Other,450.0,0.0,0. Right-handed,0.0,No,4.0,0.0,No,7.0,10.0,5.0,0.0,No,No,0.0,0.0,1004.0,Diploma
2019-02-08 00:45:15,BMGT,Female,20.0,165.0,54.0,2500.0,4.0,1. Large Corporation,Yes,400.0,2. Public Transport,40.0,150.0,0. Right-handed,50.0,No,,0.0,No,5.0,35.0,15.0,16.0,Yes,Yes,1.0,1.0596026490066226,1004.0,Diploma
2019-02-08 01:14:58,BMGT,Male,20.0,180.0,75.0,3800.0,5000.0,1. Large Corporation,Yes,350.0,3. Drive,120.0,350.0,0. Right-handed,105.0,No,,0.0,No,5.0,6.0,28.0,24.0,Yes,No,0.5,0.8540925266903914,1004.0,Diploma
2019-02-08 02:10:53,BMGT,Female,20.0,154.0,120.0,0.0,50000.0,1. Large Corporation,Yes,50.0,2. Public Transport,50.0,20.0,0. Right-handed,50.0,No,9.0,0.0,No,7.0,15.0,10.0,0.0,Yes,No,1.0,0.0,1004.0,Diploma
2019-02-08 02:18:10,BMGT,Male,19.0,175.0,63.0,0.0,50000.0,1. Large Corporation,Yes,100.0,2. Public Transport,50.0,50.0,0. Right-handed,100.0,No,10.0,0.0,No,8.0,10.0,5.0,0.0,Yes,No,0.0,0.0,1004.0,Diploma
2019-02-08 02:30:28,BMGT,Female,23.0,175.0,70.0,3300.0,4000.0,1. Large Corporation,Yes,1500.0,3. Drive,50.0,20.0,0. Right-handed,40.0,No,10.4,0.0,No,7.0,5.0,15.0,0.0,Yes,No,0.0,0.0,1004.0,Diploma
2019-02-08 02:33:40,BMGT,Male,22.0,178.0,77.0,300.0,5000.0,1. Large Corporation,No,2000.0,2. Public Transport,50.0,50.0,2. Ambidextrous,50.0,No,25.0,0.0,No,8.0,30.0,4.0,8.0,Yes,No,1.0,1.951219512195122,1004.0,Diploma
2019-02-08 02:34:23,BMGT,Male,29.0,185.0,98.0,0.0,,2. Small Company,No,2200.0,3. Drive,150.0,130.0,0. Right-handed,70.0,No,,0.0,No,6.0,6.0,5.0,10.0,Yes,Yes,1.0,1.9607843137254903,1004.0,Diploma
2019-02-08 02:37:20,BMGT,Male,23.0,176.0,83.0,2500.0,5000.0,3. Non-profit or Government Agency,No,2000.0,3. Drive,1000.0,200.0,2. Ambidextrous,120.0,Yes,10.5,0.0,No,5.0,12.0,30.0,8.0,Yes,No,2.0,0.2657807308970099,1004.0,Diploma
2019-02-08 02:38:29,BMGT,Female,30.0,158.0,56.0,2600.0,3200.0,2. Small Company,Yes,2000.0,2. Public Transport,40.0,600.0,0. Right-handed,,No,14.0,4.0,Yes,6.5,10.0,14.0,3.0,Yes,Yes,0.0,0.2127659574468085,1004.0,Diploma
2019-02-08 02:40:15,BMGT,,19.0,175.0,75.0,2500.0,6000.0,1. Large Corporation,Yes,500.0,2. Public Transport,40.0,100.0,0. Right-handed,100.0,No,10.6,2.0,Yes,5.0,3.0,1.0,60.0,Yes,Yes,,54.54545454545454,1004.0,Diploma
2019-02-08 02:40:39,BMGT,Female,24.0,165.0,52.0,3750.0,5000.0,1. Large Corporation,Yes,200.0,3. Drive,680.0,210.0,0. Right-handed,85.0,No,10.25,0.0,No,8.0,3.0,25.0,0.0,Yes,No,0.0,0.0,1004.0,Diploma
2019-02-08 02:42:24,BMGT,Male,46.0,,90.0,10700.0,5000.0,1. Large Corporation,No,3500.0,2. Public Transport,0.0,500.0,0. Right-handed,320.0,Yes,10.2,3.0,No,7.0,0.0,10.0,0.0,Yes,Yes,3.0,0.0,1004.0,Diploma
2019-02-08 02:42:25,BMGT,Female,28.0,158.0,57.0,2800.0,4000.0,1. Large Corporation,Yes,500.0,2. Public Transport,0.0,100.0,0. Right-handed,75.0,No,9.0,1.0,No,7.0,4.0,25.0,0.0,Yes,Yes,1.0,0.0,1004.0,Diploma
2019-02-08 02:45:55,BMGT,Male,20.0,182.0,80.0,0.0,3750.0,2. Small Company,Yes,300.0,3. Drive,100.0,100.0,0. Right-handed,50.0,No,10.35,8.0,No,6.0,12.0,15.0,0.0,Yes,No,2.0,0.0,1004.0,Diploma
2019-02-08 02:48:56,BMGT,Male,24.0,180.0,81.0,2560.0,3520.0,2. Small Company,No,900.0,2. Public Transport,80.0,400.0,0. Right-handed,80.0,No,10.5,15.0,Yes,5.5,,12.0,10.0,Yes,No,,0.8264462809917356,1004.0,Diploma
2019-02-08 02:50:48,BMGT,Female,23.0,170.0,69.0,2500.0,4500.0,4. Other,Yes,1500.0,3. Drive,200.0,100.0,2. Ambidextrous,90.0,No,9.6875,1.0,No,6.0,18.0,84.0,6.0,Yes,Yes,2.0,0.0713436385255648,1004.0,Diploma
2019-02-08 02:51:40,BMGT,Male,26.0,190.0,77.0,3000.0,6200.0,1. Large Corporation,Yes,450.0,3. Drive,160.0,40.0,0. Right-handed,60.0,Yes,11.25,8.0,No,6.0,2.0,7.0,6.5,Yes,Yes,4.0,0.9154929577464788,1004.0,Diploma
2019-02-08 02:52:34,BMGT,Female,19.0,170.6,70.4,3800.0,4750.0,1. Large Corporation,Yes,150200.0,3. Drive,380.0,,0. Right-handed,0.0,No,9.8,3.0,Yes,8.0,3.0,30.0,1624.0,Yes,Yes,1.0,53.95348837209302,1004.0,Diploma
2019-02-08 02:54:38,BMGT,Male,19.0,188.0,69.0,2000.0,3500.0,2. Small Company,Yes,0.0,3. Drive,150.0,150.0,0. Right-handed,55.0,No,10.6,4.0,No,7.0,10.0,20.0,5.0,Yes,No,1.0,0.2487562189054726,1004.0,Diploma
2019-02-08 04:16:58,BMGT,Female,19.0,168.0,62.3,0.0,3200.0,1. Large Corporation,No,1100.0,1. Walk,0.0,120.0,0. Right-handed,45.0,Yes,7.5,3.0,Yes,6.0,,,0.0,Yes,Yes,0.0,,1004.0,Diploma
2019-02-08 04:39:22,BMGT,Female,26.0,165.0,48.0,0.0,3000.0,1. Large Corporation,No,800.0,2. Public Transport,100.0,500.0,0. Right-handed,48.0,Yes,,,Yes,8.0,22.0,60.0,0.0,Yes,No,0.0,0.0,1004.0,Diploma
2019-02-11 03:36:09,HRMG,Female,27.0,175.0,74.0,3600.0,4500.0,4. Other,No,,5. Other,10.0,10.0,0. Right-handed,85.0,No,,6.0,No,8.0,3.0,6.0,0.0,Yes,No,2.0,0.0,1007.0,Diploma
2019-02-14 12:22:04,BMGT,Female,24.0,162.0,99.0,0.0,5000.0,1. Large Corporation,No,12000.0,3. Drive,500.0,3000.0,0. Right-handed,140.0,Yes,40.0,0.0,No,7.0,3.0,5.0,0.0,Yes,No,0.0,0.0,1004.0,Diploma
2019-02-22 01:07:22,BMGT,Male,20.0,180.0,70.0,2500.0,4500.0,3. Non-profit or Government Agency,Yes,0.0,3. Drive,100.0,100.0,0. Right-handed,80.0,No,10.5,1.0,No,7.0,4.0,12.0,0.0,Yes,No,1.0,0.0,1004.0,Diploma
2019-09-09 10:01:07,BABI,Female,33.0,167.0,70.0,4000.0,4000.0,1. Large Corporation,No,2500.0,2. Public Transport,70.0,250.0,0. Right-handed,120.0,Yes,9.68,0.0,No,7.0,1.0,0.0,40.0,No,Yes,0.0,400.0,1001.0,Advanced Study
2019-09-09 12:14:35,BABI,Female,26.0,160.0,50.0,5200.0,,1. Large Corporation,Yes,1000.0,2. Public Transport,100.0,500.0,0. Right-handed,100.0,No,,20.0,No,7.0,15.0,2.0,40.0,Yes,No,0.0,19.047619047619047,1001.0,Advanced Study
2019-09-09 12:14:53,BABI,Male,29.0,180.0,65.0,4500.0,7000.0,1. Large Corporation,Yes,1000.0,3. Drive,1000.0,500.0,0. Right-handed,50.0,No,10.0,0.0,No,7.0,5.0,10.0,40.0,Yes,Yes,3.0,3.96039603960396,1001.0,Advanced Study
2019-09-09 12:15:34,BABI,Male,22.0,175.0,59.0,2600.0,3000.0,1. Large Corporation,Yes,150.0,3. Drive,10.0,300.0,0. Right-handed,40.0,No,,3.0,No,8.0,21.0,2.0,40.0,Yes,No,3.0,19.047619047619047,1001.0,Advanced Study
2019-09-09 12:15:42,BABI,Female,27.0,166.0,70.0,1600.0,2300.0,3. Non-profit or Government Agency,Yes,200.0,2. Public Transport,60.0,70.0,0. Right-handed,45.0,No,11.0,0.0,No,7.0,10.0,0.0,40.0,Yes,No,3.0,400.0,1001.0,Advanced Study
2019-09-09 12:15:54,BABI,Male,29.0,171.0,64.0,1600.0,2000.0,3. Non-profit or Government Agency,No,1800.0,2. Public Transport,40.0,100.0,1. Left-handed,72.0,No,,3.0,Yes,7.0,5.0,,50.0,Yes,No,3.0,,1001.0,Advanced Study
2019-09-09 12:15:58,BABI,Female,25.0,165.0,60.0,5000.0,5500.0,2. Small Company,No,2000.0,1. Walk,0.0,100.0,0. Right-handed,50.0,No,914.0,2.0,Yes,8.0,5.0,0.0,40.0,Yes,No,4.0,400.0,1001.0,Advanced Study
2019-09-09 12:16:01,BABI,Male,27.0,180.0,70.0,0.0,5000.0,2. Small Company,No,,1. Walk,0.0,1000.0,0. Right-handed,90.0,No,,10.0,No,7.0,1.0,10.0,40.0,Yes,Yes,0.0,3.96039603960396,1001.0,Advanced Study
2019-09-09 12:16:04,BABI,Male,24.0,175.0,108.0,,4500.0,3. Non-profit or Government Agency,Yes,400.0,2. Public Transport,30.0,50.0,0. Right-handed,55.0,No,10316.0,0.0,No,5.0,50.0,0.0,35.0,Yes,Yes,100.0,350.0,1001.0,Advanced Study
2019-09-09 12:16:10,BABI,Male,34.0,191.0,113.0,8000.0,8000.0,1. Large Corporation,Yes,600.0,3. Drive,50.0,200.0,0. Right-handed,70.0,No,34.5,0.0,No,8.0,1.0,5.0,37.5,Yes,Yes,1.0,7.352941176470589,1001.0,Advanced Study
2019-09-09 12:16:23,BABI,Female,26.0,171.0,60.0,5000.0,6000.0,1. Large Corporation,No,500.0,2. Public Transport,140.0,500.0,0. Right-handed,70.0,No,9.6,10.0,No,7.0,5.0,5.0,5.0,Yes,Yes,1.0,0.9803921568627452,1001.0,Advanced Study
2019-09-09 12:17:03,BABI,Male,28.0,178.0,86.0,4000.0,5000.0,2. Small Company,No,1200.0,2. Public Transport,40.0,300.0,0. Right-handed,50.0,No,13.0,5.0,No,7.0,7.0,10.0,40.0,Yes,Yes,2.0,3.96039603960396,1001.0,Advanced Study
2019-09-09 12:17:05,BABI,Male,40.0,150.0,70.0,4000.0,8000.0,2. Small Company,No,1800.0,2. Public Transport,100.0,10.0,2. Ambidextrous,40.0,Yes,10.0,2.0,Yes,8.0,2.0,0.0,30.0,Yes,Yes,1.0,300.0,1001.0,Advanced Study
2019-09-09 12:17:22,BABI,Male,32.0,180.0,86.0,2800.0,5500.0,2. Small Company,No,775.0,2. Public Transport,,30.0,0. Right-handed,65.0,No,11.0,16.0,Yes,7.0,2.0,0.0,14.0,No,Yes,1.0,140.0,1001.0,Advanced Study
2019-09-09 12:17:41,BABI,Male,24.0,168.0,72.0,4400.0,6000.0,2. Small Company,No,1800.0,2. Public Transport,140.0,600.0,0. Right-handed,64.0,No,10.43,12.0,No,8.0,14.0,14.0,40.0,Yes,No,1.5,2.8368794326241136,1001.0,Advanced Study
2019-09-09 12:17:48,BABI,Female,35.0,164.0,64.0,,4000.0,3. Non-profit or Government Agency,No,4000.0,3. Drive,65.0,500.0,0. Right-handed,72.0,No,9.6,,No,7.0,2.0,0.0,35.0,Yes,Yes,0.5,350.0,1001.0,Advanced Study
2019-09-09 12:17:55,BABI,Female,26.0,164.0,64.0,3300.0,4000.0,2. Small Company,No,1600.0,2. Public Transport,200.0,400.0,0. Right-handed,60.0,No,9.0,10.0,Yes,6.0,8.0,4.0,37.5,No,Yes,2.0,9.146341463414634,1001.0,Advanced Study
2019-09-09 12:18:59,BABI,Male,42.0,178.0,68.0,8000.0,10000.0,3. Non-profit or Government Agency,No,7000.0,3. Drive,50.0,200.0,0. Right-handed,50.0,No,9.0,0.0,No,7.0,2.0,2.0,40.0,Yes,Yes,2.0,19.047619047619047,1001.0,Advanced Study
2019-09-09 14:01:44,BABI,Female,27.0,155.0,46.0,3038.0,5000.0,1. Large Corporation,No,2500.0,3. Drive,200.0,200.0,0. Right-handed,75.0,No,8.75,1.0,No,8.0,10.0,8.0,40.0,Yes,No,1.0,4.938271604938272,1001.0,Advanced Study
2020-08-30 08:50:44,BABI,,,180.0,70.0,6000.0,7000.0,3. Non-profit or Government Agency,No,1500.0,5. Other,0.0,500.0,0. Right-handed,30.0,No,10.0,4.0,No,7.5,7.0,10.0,32.0,Yes,No,2.0,3.1683168316831685,1001.0,Advanced Study
2020-09-03 14:52:30,BABI,Female,24.0,150.0,45.0,3000.0,4000.0,1. Large Corporation,Yes,2000.0,3. Drive,250.0,500.0,0. Right-handed,75.0,No,8.7,0.0,No,7.0,10.0,20.0,40.0,Yes,Yes,1.0,1.990049751243781,1001.0,Advanced Study
2020-09-05 04:38:19,BABI,Female,30.0,165.0,60.0,2000.0,4000.0,3. Non-profit or Government Agency,No,500.0,1. Walk,20.0,100.0,0. Right-handed,70.0,No,,0.0,No,8.0,1.0,10.0,40.0,Yes,Yes,1.0,3.96039603960396,1001.0,Advanced Study
2020-09-08 10:46:31,BABI,Male,25.0,183.0,101.0,3000.0,5000.0,1. Large Corporation,Yes,200.0,2. Public Transport,0.0,30.0,0. Right-handed,90.0,No,11.0,5.0,Yes,7.0,10.0,,20.0,No,No,1.0,,1001.0,Advanced Study
2020-09-11 04:58:11,BABI,Male,25.0,181.0,70.0,3200.0,4000.0,2. Small Company,No,1850.0,5. Other,80.0,60.0,0. Right-handed,60.0,Yes,9.0,1.0,No,7.0,8.0,7.0,32.0,Yes,No,2.0,4.507042253521127,1001.0,Advanced Study
2020-09-11 21:04:48,BABI,Male,23.0,185.0,90.0,0.0,5000.0,3. Non-profit or Government Agency,Yes,200.0,2. Public Transport,40.0,50.0,0. Right-handed,40.0,No,13.0,0.0,Yes,12.0,10.0,0.0,20.0,Yes,No,0.0,200.0,1001.0,Advanced Study
2020-09-13 14:07:54,BABI,Female,25.0,161.0,64.0,2900.0,5400.0,1. Large Corporation,Yes,900.0,2. Public Transport,150.0,10.0,0. Right-handed,50.0,No,9.3,0.0,No,8.0,10.5,35.0,0.0,Yes,Yes,0.0,0.0,1001.0,Advanced Study
2020-09-14 05:32:14,BABI,Male,23.0,195.0,150.0,0.0,3500.0,2. Small Company,No,1800.0,5. Other,0.0,40.0,0. Right-handed,75.0,No,12.2,2.0,No,8.0,1.0,3.0,0.0,Yes,Yes,0.0,0.0,1001.0,Advanced Study
2020-09-14 13:22:31,BABI,Male,25.0,178.0,80.0,0.0,4000.0,2. Small Company,No,900.0,2. Public Transport,145.0,20.0,1. Left-handed,80.0,No,10.0,2.0,No,7.0,10.0,20.0,40.0,Yes,Yes,2.0,1.990049751243781,1001.0,Advanced Study
2020-09-14 13:23:18,BABI,Male,24.0,170.0,83.0,2316.0,5000.0,2. Small Company,Yes,300.0,3. Drive,50.0,200.0,0. Right-handed,250.0,No,10.0,0.0,Yes,5.0,8.0,40.0,40.0,Yes,Yes,3.0,0.997506234413965,1001.0,Advanced Study
2020-09-14 13:25:19,BABI,Female,40.0,165.0,62.0,4000.0,6000.0,1. Large Corporation,No,1500.0,2. Public Transport,90.0,500.0,0. Right-handed,75.0,Yes,9.0,4.0,Yes,7.0,15.0,0.0,35.0,Yes,Yes,1.0,350.0,1001.0,Advanced Study
2020-09-14 13:26:52,BMGT,Male,25.0,175.0,80.0,2500.0,4000.0,2. Small Company,No,300.0,3. Drive,250.0,100.0,0. Right-handed,50.0,No,12.5,8.0,No,7.0,8.0,8.0,40.0,Yes,Yes,4.0,4.938271604938272,1004.0,Diploma
2020-09-14 13:27:02,BABI,Male,24.0,187.0,,0.0,0.0,1. Large Corporation,Yes,85.0,3. Drive,20.0,40.0,0. Right-handed,75.0,No,10.0,0.0,No,8.0,4.0,2.0,5.0,Yes,Yes,1.0,2.380952380952381,1001.0,Advanced Study
2020-09-14 13:27:31,BABI,Female,30.0,160.0,52.0,3500.0,5000.0,2. Small Company,Yes,300.0,2. Public Transport,150.0,50.0,0. Right-handed,50.0,No,9.0,0.0,No,7.0,7.0,8.0,40.0,Yes,Yes,1.0,4.938271604938272,1001.0,Advanced Study
2020-09-14 13:28:16,BABI,Male,26.0,183.0,86.0,3600.0,4000.0,1. Large Corporation,No,2000.0,5. Other,0.0,200.0,0. Right-handed,60.0,No,8.0,0.0,No,8.0,15.0,35.0,40.0,Yes,Yes,1.0,1.1396011396011396,1001.0,Advanced Study
2020-09-14 13:28:48,BABI,Male,28.0,170.0,77.0,4200.0,4200.0,4. Other,No,2400.0,2. Public Transport,40.0,200.0,0. Right-handed,60.0,No,10.0,7.0,Yes,8.0,2.0,0.0,8.0,Yes,No,5.0,80.0,1001.0,Advanced Study
2020-09-14 13:30:07,BABI,Male,27.0,180.0,77.0,3750.0,4500.0,1. Large Corporation,No,2700.0,3. Drive,40.0,40.0,0. Right-handed,60.0,Yes,9.0,0.0,No,7.5,8.0,12.0,40.0,Yes,Yes,1.0,3.3057851239669422,1001.0,Advanced Study
2020-09-14 13:31:26,BABI,Female,30.0,180.0,62.0,4500.0,5500.0,1. Large Corporation,No,2000.0,3. Drive,125.0,200.0,0. Right-handed,100.0,No,8.0,0.0,No,8.0,4.0,5.0,40.0,Yes,Yes,0.0,7.843137254901961,1001.0,Advanced Study
2020-09-14 13:31:47,BABI,Female,31.0,162.0,55.0,4000.0,5000.0,1. Large Corporation,No,1500.0,3. Drive,10.0,300.0,0. Right-handed,43.0,No,9.625,1.0,No,8.0,8.0,10.0,40.0,Yes,Yes,1.0,3.96039603960396,1001.0,Advanced Study
2020-09-14 13:32:14,BABI,Male,25.0,178.0,73.0,4000.0,5800.0,1. Large Corporation,Yes,400.0,3. Drive,450.0,50.0,0. Right-handed,80.0,No,10.0,4.0,No,6.0,15.0,0.0,40.0,Yes,Yes,1.0,400.0,1001.0,Advanced Study
2020-09-14 13:35:40,BABI,Male,27.0,179.0,70.0,0.0,4000.0,1. Large Corporation,Yes,1500.0,5. Other,0.0,300.0,0. Right-handed,60.0,No,,10.0,No,7.5,0.0,4.0,12.0,Yes,No,0.0,2.9268292682926838,1001.0,Advanced Study
2020-09-14 13:39:29,BABI,Female,33.0,164.0,54.0,3833.0,,1. Large Corporation,No,2000.0,2. Public Transport,30.0,100.0,0. Right-handed,60.0,No,8.0,0.0,No,8.0,10.0,10.0,40.0,No,Yes,1.0,3.96039603960396,1001.0,Advanced Study
2020-09-14 14:06:18,BMGT,Male,29.0,178.0,75.0,0.0,10000.0,1. Large Corporation,Yes,1800.0,3. Drive,100.0,350.0,0. Right-handed,60.0,No,9.0,1.0,No,6.5,40.0,40.0,40.0,Yes,Yes,0.0,0.997506234413965,1004.0,Diploma
2020-09-15 04:40:49,BABI,Female,41.0,166.0,78.0,4234.0,6500.0,3. Non-profit or Government Agency,No,1805.0,2. Public Transport,134.0,55.0,0. Right-handed,95.0,Yes,9.8,3.0,No,7.0,0.0,6.0,35.5,Yes,No,1.0,5.819672131147541,1001.0,Advanced Study
2020-09-16 12:02:41,BABI,Male,29.0,165.0,54.0,1800.0,3800.0,2. Small Company,Yes,500.0,2. Public Transport,100.0,60.0,0. Right-handed,33.0,No,10.0,0.0,No,7.0,8.0,8.0,32.0,No,Yes,1.0,3.9506172839506175,1001.0,Advanced Study
2020-09-19 14:04:56,BABI,Female,35.0,158.0,65.0,2000.0,5000.0,1. Large Corporation,No,2300.0,2. Public Transport,90.0,200.0,0. Right-handed,45.0,No,6.5,1.0,No,68.0,2.0,5.0,24.0,Yes,No,0.0,4.705882352941177,1001.0,Advanced Study
2020-09-22 06:24:16,BABI,Female,33.0,164.0,54.0,4042.0,4041.0,2. Small Company,No,1000.0,3. Drive,100.0,300.0,0. Right-handed,65.0,No,7.5,0.0,No,7.0,10.0,10.0,40.0,Yes,Yes,1.0,3.96039603960396,1001.0,Advanced Study
2020-09-22 12:29:14,BABI,Male,25.0,180.0,79.0,3900.0,4500.0,1. Large Corporation,No,1600.0,3. Drive,80.0,600.0,0. Right-handed,95.0,No,10.0,8.0,No,6.75,5.0,12.0,45.0,Yes,Yes,2.0,3.71900826446281,1001.0,Advanced Study
2020-09-23 14:31:22,BMGT,Male,24.0,170.0,73.0,2316.0,5000.0,2. Small Company,Yes,300.0,3. Drive,200.0,300.0,0. Right-handed,244.0,No,10.0,0.0,Yes,5.0,1.0,40.0,40.0,Yes,Yes,4.0,0.997506234413965,1004.0,Diploma
2020-09-27 02:01:24,BABI,Female,35.0,158.0,65.0,1500.0,3000.0,2. Small Company,No,2000.0,2. Public Transport,100.0,300.0,0. Right-handed,50.0,No,6.0,1.0,No,68.0,23.0,45.0,24.0,Yes,Yes,0.0,0.532150776053215,1001.0,Advanced Study
2020-09-28 03:46:56,BABI,Male,40.0,183.0,86.0,6000.0,6500.0,1. Large Corporation,No,3500.0,3. Drive,200.0,300.0,0. Right-handed,75.0,No,10.0,0.0,No,6.0,1.0,25.0,20.0,Yes,Yes,1.0,0.796812749003984,1001.0,Advanced Study
2021-09-07 12:48:18,BABI,Male,22.0,178.0,75.0,5500.0,7000.0,1. Large Corporation,No,2000.0,2. Public Transport,0.0,400.0,0. Right-handed,67.0,No,10.0,1.0,No,7.5,8.0,3.0,40.0,No,Yes,2.0,12.903225806451612,1001.0,Advanced Study
2021-09-08 06:06:36,BABI,Female,48.0,155.0,48.0,,,2. Small Company,No,,3. Drive,100.0,100.0,0. Right-handed,75.0,No,9.4,3.0,No,7.0,0.0,,3037.5,Yes,Yes,1.0,,1001.0,Advanced Study
2021-09-08 13:55:52,BABI,Male,26.0,181.0,96.0,4800.0,5500.0,3. Non-profit or Government Agency,Yes,200.0,3. Drive,200.0,50.0,1. Left-handed,55.0,No,11.0,5.0,Yes,7.0,9.0,5.0,37.5,Yes,Yes,1.5,7.352941176470589,1001.0,Advanced Study
2021-09-09 08:31:49,BABI,Female,34.0,150.0,64.0,0.0,3000.0,2. Small Company,No,2500.0,2. Public Transport,175.0,60.0,0. Right-handed,50.0,No,512.0,0.0,No,8.0,10.0,3.0,0.0,Yes,No,1.0,0.0,1001.0,Advanced Study
2021-09-09 11:30:34,BABI,Male,24.0,172.0,165.0,4300.0,6000.0,1. Large Corporation,Yes,1400.0,3. Drive,50.0,20.0,0. Right-handed,30.0,No,10.0,1.0,No,6.0,8.0,6.0,45.0,Yes,Yes,1.0,7.377049180327869,1001.0,Advanced Study
2021-09-09 11:36:23,BABI,Male,28.0,175.0,148.0,0.0,8000.0,3. Non-profit or Government Agency,Yes,,2. Public Transport,0.0,0.0,0. Right-handed,100.0,No,,0.0,No,7.0,10.0,12.0,0.0,Yes,No,2.0,0.0,1001.0,Advanced Study
2021-09-09 12:55:05,BABI,Male,27.0,181.0,80.0,5000.0,7000.0,2. Small Company,No,2500.0,2. Public Transport,35.0,25.0,0. Right-handed,110.0,No,11.0,3.0,No,9.0,10.0,5.0,37.0,Yes,Yes,0.0,7.254901960784315,1001.0,Advanced Study
2021-09-11 05:23:18,BABI,Male,28.0,168.0,67.0,0.0,6666.0,1. Large Corporation,No,2500.0,3. Drive,100.0,10.0,2. Ambidextrous,60.0,No,9.5,2.0,No,6.0,6.0,4.0,45.0,Yes,Yes,2.0,10.975609756097562,1001.0,Advanced Study
2021-09-11 12:33:08,BABI,Female,34.0,152.0,47.0,4600.0,5400.0,3. Non-profit or Government Agency,Yes,400.0,2. Public Transport,20.0,20.0,0. Right-handed,50.0,No,8.75,0.0,No,6.0,0.5,25.0,40.0,Yes,Yes,1.0,1.593625498007968,1001.0,Advanced Study
2021-09-13 07:42:47,BABI,Female,29.0,163.0,50.0,3500.0,4000.0,1. Large Corporation,No,2000.0,3. Drive,70.0,400.0,0. Right-handed,35.0,No,8.75,,No,8.0,5.0,8.0,40.0,Yes,Yes,1.0,4.938271604938272,1001.0,Advanced Study
2021-09-13 23:52:17,BABI,Female,27.0,170.0,65.0,4300.0,5300.0,2. Small Company,No,1200.0,2. Public Transport,20.0,200.0,0. Right-handed,60.0,No,10.0,2.0,Yes,7.0,7.0,3.0,40.0,Yes,No,2.0,12.903225806451612,1001.0,Advanced Study
2021-09-14 03:06:57,BABI,Female,36.0,167.0,57.0,7000.0,10000.0,1. Large Corporation,No,3000.0,3. Drive,100.0,200.0,0. Right-handed,90.0,No,9.0,3.0,No,7.5,15.0,10.0,40.0,Yes,Yes,1.0,3.96039603960396,1001.0,Advanced Study
2021-09-14 09:54:38,BABI,Female,32.0,180.0,54.0,3400.0,4000.0,3. Non-profit or Government Agency,No,,3. Drive,60.0,40.0,0. Right-handed,75.0,Yes,6.0,5.0,Yes,7.0,1.0,8.0,35.0,Yes,No,1.0,4.320987654320988,1001.0,Advanced Study
2021-09-14 14:15:48,BABI,Female,23.0,165.0,50.0,1000.0,5000.0,4. Other,No,500.0,1. Walk,20.0,50.0,0. Right-handed,50.0,No,5.0,1.0,No,9.0,20.0,5.0,40.0,Yes,No,1.0,7.843137254901961,1001.0,Advanced Study
2021-09-15 18:54:34,BABI,Male,25.0,173.0,66.0,4600.0,6600.0,1. Large Corporation,No,1300.0,3. Drive,70.0,150.0,0. Right-handed,45.0,No,8.5,0.0,No,8.0,3.0,20.0,40.0,Yes,Yes,1.0,1.990049751243781,1001.0,Advanced Study
2021-09-16 09:31:13,BABI,Male,22.0,182.0,75.0,9800.0,9800.0,2. Small Company,No,4000.0,3. Drive,200.0,500.0,0. Right-handed,102.0,No,10.3,3.0,No,7.0,20.0,4.0,54.0,Yes,Yes,3.0,13.170731707317074,1001.0,Advanced Study
2021-09-16 10:36:50,BABI,Male,31.0,195.58,113.4,5000.0,6500.0,1. Large Corporation,No,2500.0,2. Public Transport,22.0,100.0,0. Right-handed,90.0,No,14.0,3.0,No,7.0,21.0,14.0,40.0,Yes,Yes,1.0,2.8368794326241136,1001.0,Advanced Study
2021-09-16 12:55:58,BABI,Female,30.0,163.0,61.0,2800.0,5000.0,1. Large Corporation,No,1000.0,2. Public Transport,30.0,200.0,0. Right-handed,51.0,No,9.5,0.0,Yes,7.0,8.0,15.0,40.0,Yes,Yes,1.0,2.6490066225165565,1001.0,Advanced Study
2022-01-07 05:55:59,ITMG,Male,23.0,180.4,86.18,3800.0,4000.0,2. Small Company,Yes,200.0,3. Drive,250.0,200.0,0. Right-handed,50.0,No,132.0,2.0,No,8.0,2.0,2.0,,No,No,0.0,,1008.0,Diploma
2022-01-09 14:12:56,ITMG,,36.0,,,4500.0,5800.0,3. Non-profit or Government Agency,No,3000.0,5. Other,50.0,,0. Right-handed,55.0,No,,7.0,No,8.0,15.0,14.0,5.0,Yes,Yes,2.0,0.3546099290780142,1008.0,Diploma
2022-01-17 13:14:32,ITMG,Male,21.0,188.0,100.0,2200.0,4000.0,1. Large Corporation,Yes,800.0,3. Drive,150.0,200.0,0. Right-handed,80.0,No,11.0,2.0,Yes,8.0,6.0,20.0,20.0,Yes,No,0.0,0.9950248756218903,1008.0,Diploma
2022-08-31 15:58:48,BABI,Female,25.0,166.0,65.0,2400.0,4000.0,1. Large Corporation,No,2000.0,2. Public Transport,30.0,100.0,0. Right-handed,75.0,No,9.0,0.0,No,7.0,7.0,7.0,37.5,Yes,Yes,1.0,5.281690140845071,1001.0,Advanced Study
2022-09-06 06:06:05,BABI,Male,26.0,220.0,75.0,3300.0,5000.0,1. Large Corporation,No,800.0,3. Drive,100.0,100.0,0. Right-handed,45.0,No,8.0,0.0,No,7.0,30.0,28.0,16.0,Yes,No,1.0,0.5693950177935942,1001.0,Advanced Study
2022-09-07 06:31:18,BABI,Male,43.0,175.0,78.0,,,4. Other,No,2000.0,3. Drive,100.0,400.0,0. Right-handed,63.0,No,9.5,3.0,No,8.0,2.0,4.0,45.0,Yes,Yes,,10.975609756097562,1001.0,Advanced Study
2022-09-07 11:13:32,BABI,Male,28.0,180.0,180.0,4000.0,5000.0,1. Large Corporation,Yes,800.0,2. Public Transport,50.0,60.0,0. Right-handed,90.0,No,10.0,0.0,No,6.0,0.5,6.0,40.0,Yes,Yes,0.0,6.557377049180328,1001.0,Advanced Study
2022-09-08 05:41:04,BABI,Male,47.0,178.0,75.0,5000.0,7000.0,3. Non-profit or Government Agency,No,4000.0,3. Drive,100.0,200.0,0. Right-handed,45.0,No,10.0,2.0,No,6.0,1.0,10.0,40.0,Yes,Yes,2.0,3.96039603960396,1001.0,Advanced Study
2022-09-08 06:57:13,BABI,Male,30.0,170.0,64.0,3000.0,4000.0,2. Small Company,No,1000.0,2. Public Transport,50.0,500.0,0. Right-handed,50.0,No,9.0,0.0,No,5.0,35.0,35.0,37.5,Yes,Yes,0.0,1.0683760683760684,1001.0,Advanced Study
2022-09-08 12:33:55,BABI,Female,29.0,170.0,58.0,3400.0,4000.0,1. Large Corporation,No,3000.0,2. Public Transport,50.0,100.0,0. Right-handed,100.0,No,10.0,8.0,Yes,7.0,8.0,20.0,10.0,Yes,No,2.0,0.4975124378109452,1001.0,Advanced Study
2022-09-08 15:53:12,BABI,Female,30.0,157.0,68.0,1400.0,3000.0,1. Large Corporation,No,400.0,2. Public Transport,16.0,20.0,0. Right-handed,64.0,No,9.6,2.0,No,8.0,2.0,1.0,0.0,Yes,No,2.0,0.0,1001.0,Advanced Study
2022-09-09 02:39:32,BABI,Female,37.0,172.72,56.36,4000.0,5000.0,1. Large Corporation,No,4000.0,2. Public Transport,50.0,20.0,0. Right-handed,55.0,No,9.25,3.0,No,6.0,3.0,3.0,40.0,Yes,Yes,1.0,12.903225806451612,1001.0,Advanced Study
2022-09-09 04:05:11,BABI,Female,33.0,147.0,43.0,,8000.0,1. Large Corporation,No,2000.0,2. Public Transport,,300.0,1. Left-handed,55.0,No,9.0,2.0,Yes,7.0,10.0,5.0,40.0,Yes,No,1.0,7.843137254901961,1001.0,Advanced Study
2022-09-09 09:19:38,BABI,Female,38.0,157.0,44.0,6000.0,7000.0,3. Non-profit or Government Agency,No,2500.0,2. Public Transport,100.0,200.0,0. Right-handed,65.0,No,,0.0,No,6.0,7.0,10.0,40.0,Yes,Yes,2.0,3.96039603960396,1001.0,Advanced Study
2022-09-10 09:58:17,BABI,Male,25.0,175.0,77.0,5833.0,8600.0,2. Small Company,No,2700.0,2. Public Transport,15.0,200.0,0. Right-handed,47.0,No,10.5,2.0,Yes,7.0,7.0,10.0,50.0,Yes,Yes,1.0,4.950495049504951,1001.0,Advanced Study
2022-09-10 16:59:29,BABI,Female,26.0,162.0,68.0,1200.0,3750.0,2. Small Company,Yes,0.0,3. Drive,50.0,30.0,0. Right-handed,82.0,No,9.5,0.0,No,6.0,49.0,30.0,20.0,Yes,No,0.0,0.6644518272425249,1001.0,Advanced Study
2022-09-11 11:29:33,BABI,Male,25.0,164.0,47.0,0.0,5500.0,2. Small Company,Yes,150.0,2. Public Transport,50.0,100.0,0. Right-handed,35.0,No,9.4,0.0,No,7.0,10.0,5.0,28.0,Yes,No,0.0,5.490196078431373,1001.0,Advanced Study
2022-09-11 12:56:29,BABI,Female,26.0,163.0,68.0,4300.0,5000.0,3. Non-profit or Government Agency,No,2400.0,2. Public Transport,30.0,150.0,1. Left-handed,62.0,No,9.0,1.0,Yes,7.0,4.0,10.0,45.0,Yes,No,0.0,4.455445544554456,1001.0,Advanced Study
2022-09-11 14:01:55,BABI,Male,32.0,168.0,74.0,4000.0,6500.0,1. Large Corporation,No,,2. Public Transport,40.0,350.0,0. Right-handed,40.0,No,9.5,0.0,No,8.0,2.0,2.0,40.0,Yes,Yes,0.0,19.047619047619047,1001.0,Advanced Study
2022-09-12 02:17:49,BABI,Male,,170.0,70.0,2500.0,5000.0,1. Large Corporation,No,3500.0,2. Public Transport,100.0,100.0,0. Right-handed,10.0,Yes,10.0,0.0,No,5.0,0.0,10.0,40.0,Yes,Yes,1.0,3.96039603960396,1001.0,Advanced Study
2022-09-12 12:45:58,BABI,Male,27.0,180.0,87.0,4000.0,5000.0,1. Large Corporation,No,650.0,2. Public Transport,50.0,50.0,0. Right-handed,86.0,No,11.0,0.0,No,8.0,10.0,20.0,40.0,Yes,Yes,2.0,1.990049751243781,1001.0,Advanced Study
2022-09-13 12:23:09,BABI,Female,29.0,157.0,75.0,4410.0,5940.0,1. Large Corporation,No,2355.0,2. Public Transport,,500.0,0. Right-handed,50.0,No,8.5,0.0,No,7.0,1.0,1620.0,35.0,Yes,No,1.0,0.0216036047157582,1001.0,Advanced Study
2022-09-14 13:42:12,BABI,Female,26.0,161.0,55.0,3100.0,,1. Large Corporation,No,1200.0,2. Public Transport,,50.0,0. Right-handed,65.0,No,9.0,1.0,No,,,46.0,0.0,Yes,Yes,2.0,0.0,1001.0,Advanced Study
2022-09-14 14:11:02,BABI,Male,23.0,174.0,59.0,0.0,,1. Large Corporation,Yes,500.0,2. Public Transport,0.0,20.0,0. Right-handed,55.0,No,9.88,0.0,No,5.0,9.0,15.0,25.0,Yes,Yes,1.0,1.6556291390728477,1001.0,Advanced Study
2022-09-15 10:21:39,BABI,Male,30.0,,68.0,3500.0,6000.0,4. Other,No,1700.0,3. Drive,20.0,120.0,0. Right-handed,45.0,No,10.0,0.0,No,6.0,30.0,5.0,40.0,Yes,Yes,0.0,7.843137254901961,1001.0,Advanced Study
2023-01-16 03:00:45,ITMG,Male,25.0,170.0,81.0,1200.0,6000.0,1. Large Corporation,No,2000.0,3. Drive,400.0,500.0,0. Right-handed,15.0,Yes,10.0,1.0,No,5.0,15.0,7.0,26.0,Yes,Yes,1.0,3.661971830985916,1008.0,Diploma
2023-01-16 13:57:12,ITMG,Male,28.0,178.0,82.0,2880.0,4000.0,2. Small Company,No,1000.0,2. Public Transport,40.0,100.0,0. Right-handed,36.0,No,10.0,0.0,No,7.0,4.0,5.0,20.0,Yes,Yes,0.0,3.9215686274509807,1008.0,Diploma
2023-01-23 14:30:38,ITMG,Male,26.0,181.0,83.0,2600.0,4000.0,1. Large Corporation,No,1500.0,1. Walk,0.0,500.0,0. Right-handed,55.0,Yes,,10.0,No,6.5,7.0,16.0,20.0,Yes,Yes,1.0,1.2422360248447204,1008.0,Diploma
2023-03-08 12:36:17,ITMG,Female,28.0,158.0,49.0,3000.0,6500.0,1. Large Corporation,No,3700.0,2. Public Transport,0.0,700.0,2. Ambidextrous,45.0,No,91.0,15.0,No,9.0,1.0,20.0,15.0,Yes,No,2.0,0.7462686567164178,1008.0,Diploma
2023-09-07 05:59:17,BABI,Male,34.0,185.0,81.0,5000.0,6000.0,1. Large Corporation,No,1200.0,3. Drive,50.0,200.0,0. Right-handed,60.0,No,11.0,2.0,No,6.0,5.0,10.0,0.0,Yes,Yes,2.0,0.0,1001.0,Advanced Study
2023-09-08 08:09:23,BABI,Female,26.0,163.0,58.0,6000.0,8000.0,1. Large Corporation,No,3000.0,2. Public Transport,30.0,500.0,0. Right-handed,50.0,No,9.0,0.0,No,7.0,3.0,12.0,40.0,Yes,Yes,1.0,3.3057851239669422,1001.0,Advanced Study
2023-09-08 10:44:58,BABI,Female,26.0,168.0,52.0,2000.0,4000.0,1. Large Corporation,No,2000.0,2. Public Transport,50.0,200.0,0. Right-handed,47.0,No,9.0,,No,8.0,5.5,10.0,,Yes,Yes,1.0,,1001.0,Advanced Study
2023-09-09 11:22:47,BABI,Female,27.0,154.0,60.0,4000.0,6000.0,1. Large Corporation,Yes,300.0,2. Public Transport,50.0,100.0,0. Right-handed,50.0,No,9.0,0.0,No,6.0,15.0,10.0,40.0,Yes,Yes,0.0,3.96039603960396,1001.0,Advanced Study
2023-09-10 08:03:39,BABI,Male,32.0,176.0,,,6200.0,1. Large Corporation,No,1600.0,3. Drive,150.0,250.0,0. Right-handed,63.0,No,10.83,5.0,Yes,7.0,8.0,5.0,37.0,Yes,Yes,2.0,7.254901960784315,1001.0,Advanced Study
2023-09-11 14:58:25,BABI,Female,24.0,153.0,52.0,4000.0,5000.0,2. Small Company,Yes,1600.0,2. Public Transport,80.0,50.0,0. Right-handed,50.0,No,9.0,,No,7.0,10.0,10.0,50.0,Yes,Yes,1.0,4.950495049504951,1001.0,Advanced Study
2023-09-14 07:12:27,BABI,Female,35.0,165.0,53.0,6500.0,11000.0,1. Large Corporation,No,3000.0,2. Public Transport,100.0,300.0,1. Left-handed,80.0,No,9.5,1.0,No,7.0,10.0,15.0,40.0,Yes,Yes,2.0,2.6490066225165565,1001.0,Advanced Study
2023-09-14 08:01:49,BABI,Male,36.0,179.0,70.0,6000.0,6500.0,3. Non-profit or Government Agency,No,3000.0,5. Other,50.0,,0. Right-handed,50.0,No,12.0,0.0,No,8.0,1.0,10.0,20.0,Yes,Yes,0.0,1.98019801980198,1001.0,Advanced Study
2023-09-14 13:05:03,BABI,Male,23.0,175.0,63.0,4500.0,5000.0,1. Large Corporation,Yes,2500.0,3. Drive,200.0,300.0,0. Right-handed,50.0,No,10.0,0.0,No,8.0,10.0,12.0,0.0,Yes,No,0.0,0.0,1001.0,Advanced Study
2023-09-17 03:11:22,BABI,Male,26.0,180.0,94.0,0.0,4500.0,2. Small Company,No,300.0,2. Public Transport,20.0,20.0,0. Right-handed,40.0,Yes,9.5,1.0,Yes,8.0,35.0,7.0,12.0,No,Yes,2.0,1.6901408450704227,1001.0,Advanced Study
2023-09-17 07:18:42,BABI,Female,36.0,165.0,65.0,1000.0,,1. Large Corporation,No,1400.0,2. Public Transport,0.0,0.0,1. Left-handed,50.0,No,9.8,0.0,No,8.0,2.0,4.0,0.0,Yes,Yes,2.0,0.0,1001.0,Advanced Study
2023-09-21 10:22:08,BABI,Male,34.0,174.0,75.0,10200.0,8000.0,2. Small Company,No,6000.0,2. Public Transport,40.0,500.0,0. Right-handed,100.0,No,9.68,1.0,No,6.0,2.0,18.0,10.0,Yes,Yes,1.0,0.5524861878453038,1001.0,Advanced Study
2023-10-16 16:51:36,BABI,Male,28.0,180.0,91.0,4500.0,7000.0,1. Large Corporation,No,2000.0,2. Public Transport,100.0,200.0,0. Right-handed,70.0,No,11.61,1.0,No,8.0,30.0,15.0,40.0,No,Yes,0.0,2.6490066225165565,1001.0,Advanced Study
2024-01-09 08:52:33,ITMG,,15.0,167.0,60.0,0.0,5000.0,1. Large Corporation,Yes,800.0,1. Walk,0.0,100.0,2. Ambidextrous,100.0,No,7.0,2.0,Yes,9.0,5.0,2.5,2.0,No,No,5.0,0.7692307692307692,1008.0,Diploma
2024-01-11 12:48:31,BMGT,Male,27.0,175.0,70.0,4500.0,5000.0,2. Small Company,Yes,2500.0,3. Drive,300.0,100.0,0. Right-handed,66.0,No,911.0,0.0,No,6.0,10.0,7.0,0.0,Yes,Yes,1.0,0.0,1004.0,Diploma
2024-01-13 04:10:41,ITMG,Female,27.0,153.0,48.0,2000.0,4000.0,3. Non-profit or Government Agency,No,1300.0,2. Public Transport,0.0,150.0,0. Right-handed,60.0,No,9.0,0.0,No,7.0,20.0,40.0,20.0,Yes,No,1.0,0.4987531172069825,1008.0,Diploma
2024-01-13 11:51:40,ITMG,Male,,,,,,,,,,,,,25.0,No,10.0,0.0,No,5.0,2.0,50.0,0.0,Yes,Yes,0.0,0.0,1008.0,Diploma
2024-09-07 07:41:11,BABI,Male,23.0,185.0,81.0,3500.0,5500.0,1. Large Corporation,Yes,800.0,2. Public Transport,46.0,200.0,0. Right-handed,45.0,No,10.5,0.0,No,9.0,15.0,20.0,20.0,Yes,Yes,1.0,0.9950248756218903,1001.0,Advanced Study
2024-09-07 08:32:24,BABI,Male,35.0,,68.0,3000.0,6000.0,3. Non-profit or Government Agency,No,1600.0,1. Walk,0.0,110.0,0. Right-handed,70.0,No,15.0,2.0,No,7.0,10.0,10.0,0.0,Yes,Yes,0.0,0.0,1001.0,Advanced Study
2024-09-07 08:58:21,BABI,Male,28.0,171.0,72.0,3600.0,4000.0,3. Non-profit or Government Agency,Yes,800.0,2. Public Transport,270.0,100.0,0. Right-handed,40.0,No,10.4,1.0,Yes,6.5,5.0,12.0,37.5,Yes,Yes,0.0,3.0991735537190084,1001.0,Advanced Study
2024-09-07 13:59:29,BABI,Female,35.0,167.0,77.0,0.0,5000.0,3. Non-profit or Government Agency,No,5000.0,2. Public Transport,,80.0,0. Right-handed,130.0,No,9.0,0.0,No,6.0,4.0,14.0,0.0,Yes,No,0.0,0.0,1001.0,Advanced Study
2024-09-08 08:03:26,BABI,Male,24.0,174.0,65.0,5500.0,6300.0,1. Large Corporation,No,2500.0,2. Public Transport,50.0,200.0,0. Right-handed,78.0,No,10.0,1.0,No,7.0,20.0,10.0,40.0,Yes,Yes,1.0,3.96039603960396,1001.0,Advanced Study
2024-09-08 08:35:34,BABI,Male,54.0,165.0,88.0,,8000.0,3. Non-profit or Government Agency,Yes,2000.0,3. Drive,20.0,250.0,0. Right-handed,90.0,No,10.0,0.0,No,6.0,1.0,5.0,40.0,Yes,No,2.0,7.843137254901961,1001.0,Advanced Study
2024-09-08 12:43:49,BABI,Female,25.0,168.0,68.0,5000.0,5500.0,2. Small Company,Yes,2000.0,3. Drive,120.0,70.0,0. Right-handed,65.0,No,9.0,0.0,No,7.5,7.0,6.0,37.0,Yes,No,2.0,6.065573770491803,1001.0,Advanced Study
2024-09-09 08:20:17,BABI,Male,35.0,178.0,82.0,5700.0,6500.0,3. Non-profit or Government Agency,No,2000.0,2. Public Transport,100.0,500.0,0. Right-handed,100.0,No,10.6,2.0,No,7.0,1.5,20.0,25.0,Yes,No,1.0,1.243781094527363,1001.0,Advanced Study
2024-09-09 15:28:51,BABI,Male,33.0,178.0,80.0,5600.0,7000.0,1. Large Corporation,Yes,1500.0,2. Public Transport,40.0,100.0,0. Right-handed,45.0,No,10.0,1.0,No,6.0,20.0,7.0,40.0,Yes,Yes,0.0,5.633802816901409,1001.0,Advanced Study
2024-09-10 01:09:11,BABI,Female,46.0,168.0,55.0,7200.0,6000.0,1. Large Corporation,No,1500.0,5. Other,80.0,300.0,1. Left-handed,63.0,No,9.5,3.0,No,8.0,1.0,6.0,18.0,Yes,Yes,3.0,2.950819672131148,1001.0,Advanced Study
2024-09-11 09:21:54,BABI,Female,28.0,165.0,47.0,4200.0,6000.0,1. Large Corporation,No,,2. Public Transport,,90.0,0. Right-handed,40.0,No,10.0,0.0,Yes,6.0,20.0,20.0,0.0,Yes,Yes,0.0,0.0,1001.0,Advanced Study
2024-09-11 11:51:37,BABI,Male,25.0,178.0,80.0,4000.0,5000.0,1. Large Corporation,No,2500.0,2. Public Transport,60.0,50.0,0. Right-handed,42.0,No,,0.0,No,7.0,12.0,20.0,0.0,Yes,No,1.0,0.0,1001.0,Advanced Study
2024-09-14 10:20:17,BABI,Male,23.0,182.0,79.0,0.0,2500.0,3. Non-profit or Government Agency,Yes,1000.0,3. Drive,50.0,100.0,0. Right-handed,45.0,No,10.24,0.0,No,7.5,3.0,12.0,0.0,Yes,No,1.0,0.0,1001.0,Advanced Study
2024-09-15 01:11:26,BABI,Female,27.0,180.0,68.0,0.0,,3. Non-profit or Government Agency,No,1200.0,2. Public Transport,8.0,9.0,0. Right-handed,1.0,No,5.0,0.0,No,7.0,3.0,9.0,0.0,Yes,Yes,1.0,0.0,1001.0,Advanced Study
2025-01-07 05:06:40,,Female,21.0,168.0,,0.0,5000.0,3. Non-profit or Government Agency,No,1000.0,2. Public Transport,0.0,50.0,0. Right-handed,45.0,No,10.0,0.0,No,6.0,12.0,20.0,24.0,Yes,No,1.0,1.1940298507462686,,
2025-01-07 05:43:48,ITMG,Male,25.0,180.0,80.0,3500.0,5000.0,1. Large Corporation,No,1500.0,1. Walk,0.0,10.0,0. Right-handed,50.0,No,10.0,0.0,No,6.0,1.0,10.0,1.0,Yes,Yes,1.5,0.099009900990099,1008.0,Diploma
2025-01-07 05:44:24,ITMG,Male,33.0,170.0,72.0,3000.0,10.0,1. Large Corporation,No,5000.0,3. Drive,150.0,100.0,0. Right-handed,40.0,No,,1.0,No,6.0,7.0,20.0,6.0,Yes,Yes,3.0,0.2985074626865671,1008.0,Diploma
2025-01-07 05:50:36,ITMG,Female,41.0,157.48,69.0,6200.0,6500.0,3. Non-profit or Government Agency,No,3630.0,2. Public Transport,250.0,250.0,0. Right-handed,68.0,No,9.5,0.0,No,6.0,15.0,35.0,20.0,Yes,Yes,2.0,0.5698005698005698,1008.0,Diploma
2025-01-07 06:18:24,ITMG,Male,28.0,175.0,73.0,,,1. Large Corporation,No,300.0,3. Drive,55.0,100.0,1. Left-handed,55.0,No,10.5,1.0,Yes,6.0,7.0,8.0,12.0,Yes,Yes,1.0,1.4814814814814816,1008.0,Diploma
2025-01-07 06:38:37,ITMG,Male,22.0,171.0,67.0,10000.0,6000.0,4. Other,No,1500.0,2. Public Transport,0.0,150.0,0. Right-handed,40.0,No,26.0,0.0,No,67.0,5.0,10.0,0.0,Yes,Yes,1.0,0.0,1008.0,Diploma
2025-01-09 03:12:12,BMGT,Female,27.0,168.0,68.0,1400.0,4000.0,1. Large Corporation,No,1200.0,2. Public Transport,150.0,10.0,0. Right-handed,30.0,No,9.5,1.0,No,5.0,2.0,10.0,15.0,Yes,No,1.0,1.4851485148514851,1004.0,Diploma
2025-01-09 09:36:09,BABI,Male,28.0,180.0,78.0,0.0,4000.0,1. Large Corporation,No,1200.0,2. Public Transport,50.0,200.0,0. Right-handed,60.0,No,,2.0,No,7.0,10.0,10.0,20.0,Yes,No,1.0,1.98019801980198,1001.0,Advanced Study
2025-01-09 09:36:20,BABI,Female,28.0,158.0,66.0,0.0,80.0,3. Non-profit or Government Agency,No,,2. Public Transport,8.0,40.0,0. Right-handed,40.0,No,,0.0,No,8.0,3.0,18.0,0.0,Yes,Yes,0.0,0.0,1001.0,Advanced Study
2025-01-09 09:36:25,BABI,Female,35.0,167.0,77.0,0.0,5000.0,3. Non-profit or Government Agency,No,5000.0,2. Public Transport,100.0,400.0,0. Right-handed,200.0,No,9.0,0.0,No,6.0,14.0,28.0,0.0,Yes,Yes,0.0,0.0,1001.0,Advanced Study
2025-01-09 09:36:31,BABI,Female,28.0,165.0,47.0,,2000.0,1. Large Corporation,No,,2. Public Transport,0.0,80.0,0. Right-handed,34.0,No,9.5,0.0,Yes,6.5,14.0,14.0,0.0,Yes,No,0.0,0.0,1001.0,Advanced Study
2025-01-09 09:36:37,BABI,Female,26.0,152.4,110.0,0.0,4000.0,1. Large Corporation,Yes,100.0,2. Public Transport,0.0,50.0,,,No,15.24,0.0,No,6.0,6.0,5.0,12.0,Yes,No,0.0,2.3529411764705883,1001.0,Advanced Study
2025-01-09 09:36:48,BABI,Male,35.0,,68.0,6000.0,5000.0,3. Non-profit or Government Agency,No,2000.0,1. Walk,40.0,60.0,0. Right-handed,70.0,No,10.0,1.0,Yes,8.0,10.0,10.0,0.0,Yes,Yes,1.0,0.0,1001.0,Advanced Study
2025-01-09 09:36:58,BABI,Female,26.0,,70.3,4800.0,5800.0,2. Small Company,Yes,1800.0,3. Drive,200.0,400.0,0. Right-handed,70.0,No,6.0,0.0,No,8.0,12.0,8.0,37.5,Yes,No,2.0,4.62962962962963,1001.0,Advanced Study
2025-01-09 09:36:58,BABI,,25.0,178.0,78.0,0.0,3500.0,1. Large Corporation,No,1000.0,2. Public Transport,35.0,50.0,0. Right-handed,40.0,No,,0.0,No,7.0,12.0,25.0,15.0,Yes,No,1.0,0.597609561752988,1001.0,Advanced Study
2025-01-09 09:37:02,BABI,Male,23.0,179.0,71.0,0.0,4200.0,2. Small Company,Yes,0.0,2. Public Transport,20.0,0.0,1. Left-handed,0.0,No,11.0,0.0,No,6.5,35.0,16.0,0.0,Yes,No,0.0,0.0,1001.0,Advanced Study
2025-01-09 09:37:16,BABI,Female,28.0,165.0,61.0,,,3. Non-profit or Government Agency,Yes,200.0,2. Public Transport,60.0,0.0,0. Right-handed,30.0,No,,0.0,No,6.0,0.0,2.0,30.0,Yes,Yes,0.0,14.285714285714285,1001.0,Advanced Study
2025-01-09 09:37:27,BABI,Male,36.0,178.0,82.0,5700.0,6500.0,3. Non-profit or Government Agency,No,2000.0,2. Public Transport,200.0,200.0,0. Right-handed,80.0,No,10.0,2.0,No,8.0,4.0,15.0,20.0,Yes,Yes,2.0,1.3245033112582782,1001.0,Advanced Study
2025-01-09 09:37:43,BABI,Male,32.0,173.0,93.0,4400.0,7400.0,3. Non-profit or Government Agency,No,3200.0,3. Drive,80.0,400.0,0. Right-handed,90.0,Yes,10.0,4.0,No,6.0,12.0,4.0,40.0,Yes,Yes,2.0,9.756097560975611,1001.0,Advanced Study
2025-01-09 09:38:01,BABI,Male,29.0,171.0,73.0,3600.0,5000.0,1. Large Corporation,Yes,500.0,2. Public Transport,200.0,100.0,0. Right-handed,40.0,No,9.0,0.0,Yes,6.0,5.0,8.0,37.5,Yes,Yes,0.5,4.62962962962963,1001.0,Advanced Study
2025-01-09 09:38:40,BABI,Female,21.0,178.0,70.0,3000.0,5000.0,1. Large Corporation,No,2500.0,3. Drive,100.0,100.0,2. Ambidextrous,100.0,No,12.0,8.0,No,7.0,10.0,8.0,0.0,Yes,Yes,3.0,0.0,1001.0,Advanced Study
2025-01-09 09:38:52,GCBA,Male,33.0,179.0,85.0,0.0,6500.0,3. Non-profit or Government Agency,Yes,1200.0,2. Public Transport,40.0,200.0,0. Right-handed,35.0,No,9.0,0.0,No,6.0,25.0,8.0,0.0,Yes,Yes,0.0,0.0,1006.0,Diploma
2025-01-09 09:38:57,BABI,Male,24.0,172.0,53.0,5500.0,5500.0,1. Large Corporation,No,3000.0,2. Public Transport,40.0,250.0,0. Right-handed,78.0,No,10.3,1.0,No,7.0,30.0,15.0,40.0,Yes,Yes,1.0,2.6490066225165565,1001.0,Advanced Study
2025-01-09 09:38:59,BABI,Male,24.0,187.0,81.0,2500.0,5000.0,1. Large Corporation,No,1500.0,2. Public Transport,50.0,200.0,0. Right-handed,40.0,No,11.0,0.0,No,10.0,10.0,15.0,30.0,Yes,Yes,1.0,1.9867549668874172,1001.0,Advanced Study
2025-01-09 09:39:12,BABI,Male,30.0,175.0,65.0,5000.0,6000.0,1. Large Corporation,No,2000.0,2. Public Transport,45.0,100.0,0. Right-handed,30.0,No,10.0,0.0,No,8.0,10.0,15.0,40.0,Yes,Yes,2.0,2.6490066225165565,1001.0,Advanced Study
2025-01-09 09:40:13,BABI,Male,33.0,167.0,64.0,3000.0,4500.0,2. Small Company,No,1500.0,2. Public Transport,60.0,50.0,0. Right-handed,115.0,No,9.5,4.0,No,7.0,25.0,20.0,38.0,Yes,Yes,1.0,1.890547263681592,1001.0,Advanced Study
2025-01-09 09:40:31,BABI,Male,23.0,182.0,79.0,0.0,2000.0,3. Non-profit or Government Agency,No,1000.0,3. Drive,150.0,100.0,0. Right-handed,45.0,No,11.0,0.0,No,7.0,10.0,14.0,0.0,Yes,No,1.0,0.0,1001.0,Advanced Study
2025-01-09 09:41:38,BABI,Female,47.0,165.0,54.0,0.0,6700.0,4. Other,No,3000.0,2. Public Transport,200.0,500.0,1. Left-handed,63.0,No,9.5,6.0,No,8.0,1.0,16.0,20.0,Yes,Yes,3.0,1.2422360248447204,1001.0,Advanced Study
2025-01-09 09:44:20,BABI,Male,57.0,164.0,65.0,20000.0,6000.0,2. Small Company,No,6000.0,5. Other,40.0,50.0,0. Right-handed,65.0,No,8.0,1.0,No,8.0,1.0,30.0,0.0,Yes,Yes,0.0,0.0,1001.0,Advanced Study
2025-01-09 11:37:17,BABI,Male,57.0,164.0,65.0,20000.0,6000.0,2. Small Company,No,6000.0,5. Other,40.0,20.0,0. Right-handed,65.0,No,8.0,1.0,No,8.0,1.0,30.0,0.0,Yes,Yes,0.0,0.0,1001.0,Advanced Study
2025-01-10 13:04:37,ITMG,Male,59.0,170.0,80.0,3500.0,6500.0,1. Large Corporation,No,4300.0,2. Public Transport,50.0,150.0,0. Right-handed,80.0,No,10.0,0.0,No,6.0,0.0,20.0,0.0,Yes,Yes,2.0,0.0,1008.0,Diploma
2025-01-12 10:33:45,ITMG,Male,22.0,167.0,,0.0,,2. Small Company,Yes,,2. Public Transport,,,1. Left-handed,,No,,0.0,No,7.0,,,,Yes,No,0.0,,1008.0,Diploma
2025-01-14 00:44:06,BABI,,,175.0,80.0,,5300.0,1. Large Corporation,No,3000.0,2. Public Transport,600.0,10.0,0. Right-handed,35.0,No,9.4,0.0,No,10.0,10.0,84.0,44.0,Yes,Yes,0.0,0.5231866825208086,1001.0,Advanced Study
2025-01-16 06:34:47,MTKG,Female,26.0,,54.54,3100.0,3300.0,3. Non-profit or Government Agency,No,1200.0,3. Drive,300.0,10.0,0. Right-handed,30.0,No,9.0,4.0,No,6.5,10.0,10.0,6.0,Yes,Yes,2.0,0.594059405940594,1011.0,Diploma
2025-01-16 06:38:44,MKTG,Male,25.0,177.0,68.0,2000.0,,1. Large Corporation,Yes,1200.0,3. Drive,300.0,500.0,0. Right-handed,50.0,Yes,10.2,57.0,No,6.0,6.0,8.0,2428.0,Yes,Yes,1.0,299.7530864197531,1009.0,Diploma
2025-01-16 06:44:32,MKTG,Female,21.0,165.0,50.0,12500.0,3000.0,2. Small Company,No,2200.0,2. Public Transport,0.0,300.0,0. Right-handed,80.0,No,9.0,2.0,No,7.0,20.0,30.0,0.0,Yes,No,0.0,0.0,1009.0,Diploma
2025-01-16 06:45:57,MKTG,Female,20.0,158.0,32.0,2400.0,3000.0,1. Large Corporation,Yes,,3. Drive,240.0,300.0,0. Right-handed,0.0,No,,,Yes,7.0,14.0,7.0,,Yes,No,,,1009.0,Diploma
2025-01-16 06:46:48,BBA,Male,22.0,176.784,74.0,0.0,3000.0,1. Large Corporation,No,500.0,2. Public Transport,0.0,100.0,1. Left-handed,86.0,No,6.0,1.0,No,7.0,11.0,5.0,24.0,Yes,No,4.0,4.705882352941177,1002.0,Bachelor's Degree
2025-01-16 06:49:50,MKTG,Female,22.0,165.1,48.5,0.0,,1. Large Corporation,No,2950.0,3. Drive,100.0,100.0,0. Right-handed,0.0,Yes,,0.1,No,7.0,2060.0,510.0,0.0,Yes,No,1.5,0.0,1009.0,Diploma
2025-01-16 06:49:53,MKTG,Female,20.0,168.0,74.84,0.0,5000.0,1. Large Corporation,Yes,800.0,3. Drive,160.0,40.0,0. Right-handed,90.0,No,9.69,0.0,Yes,11.0,14.0,17.0,7.0,Yes,No,0.0,0.4093567251461988,1009.0,Diploma
2025-01-16 06:53:53,MKTG,Male,18.0,,70.0,0.0,4000.0,2. Small Company,Yes,0.0,3. Drive,190.0,0.0,0. Right-handed,0.0,No,12.0,0.0,No,8.0,10.0,15.0,813.0,No,No,0.0,53.84105960264901,1009.0,Diploma
2025-01-16 06:54:04,MKTG,Female,19.0,164.0,,,4000.0,1. Large Corporation,Yes,500.0,2. Public Transport,,100.0,0. Right-handed,36.0,No,,,No,46.0,21.0,,0.0,Yes,Yes,1.0,,1009.0,Diploma
2025-01-16 06:57:44,MKTG,Male,20.0,165.0,77.0,0.0,,1. Large Corporation,Yes,0.0,3. Drive,0.0,200.0,2. Ambidextrous,40.0,Yes,,0.0,No,7.0,12.0,8.0,0.0,Yes,Yes,1.0,0.0,1009.0,Diploma
2025-01-16 07:04:55,,Male,23.0,183.0,71.0,7000.0,6500.0,2. Small Company,Yes,900.0,1. Walk,0.0,50.0,,55.0,No,20.0,,No,6.0,21.0,20.0,0.0,Yes,No,0.0,0.0,,
2025-01-16 07:44:40,MKTG,Female,19.0,168.0,63.0,,4800.0,1. Large Corporation,Yes,100.0,2. Public Transport,0.0,400.0,0. Right-handed,0.0,No,9.6,1.0,No,7.0,6.0,8.0,0.0,No,No,1.0,0.0,1009.0,Diploma
2025-01-16 07:52:11,MKTG,Female,21.0,159.0,45.0,0.0,,2. Small Company,No,,2. Public Transport,,,0. Right-handed,,No,,0.0,No,7.0,,,0.0,Yes,No,0.0,,1009.0,Diploma
2025-01-16 08:41:58,MKTG,Female,27.0,164.0,50.0,0.0,5000.0,3. Non-profit or Government Agency,No,3000.0,3. Drive,150.0,,0. Right-handed,50.0,Yes,8.75,,No,9.0,3.0,10.0,0.0,Yes,Yes,1.0,0.0,1009.0,Diploma
2025-01-16 08:42:32,BMGT,Male,21.0,178.0,66.0,0.0,3300.0,2. Small Company,Yes,3900.0,3. Drive,700.0,0.0,0. Right-handed,80.0,No,11.25,0.0,No,8.0,0.0,40.0,0.0,Yes,No,0.0,0.0,1004.0,Diploma
2025-01-16 08:47:45,BABI,Female,24.0,161.0,57.0,0.0,4000.0,1. Large Corporation,Yes,200.0,2. Public Transport,0.0,20.0,0. Right-handed,0.0,No,8.0,1.0,No,8.0,30.0,25.0,8.0,Yes,Yes,0.0,0.3187250996015936,1001.0,Advanced Study
2025-01-16 09:03:30,MMGT,Female,29.0,162.0,70.0,3500.0,2600.0,1. Large Corporation,No,1500.0,2. Public Transport,50.0,150.0,0. Right-handed,69.0,No,9.25,2.0,Yes,6.0,21.0,35.0,0.0,Yes,Yes,0.0,0.0,1010.0,Diploma
2025-01-16 10:46:46,BMGT,Female,23.0,,158.0,4000.0,5000.0,1. Large Corporation,No,,3. Drive,60.0,,0. Right-handed,48.0,No,,0.0,Yes,7.5,,,,Yes,No,1.0,,1004.0,Diploma
2025-01-16 11:31:42,BABI,Male,23.0,185.0,93.0,3700.0,3200.0,2. Small Company,Yes,60.0,2. Public Transport,90.0,75.0,0. Right-handed,50.0,No,9.0,1.0,No,7.0,5.0,10.0,8.0,Yes,Yes,0.0,0.7920792079207921,1001.0,Advanced Study
2025-01-16 12:37:34,MKTG,Male,24.0,170.0,81.0,5500.0,3500.0,1. Large Corporation,Yes,700.0,3. Drive,750.0,150.0,1. Left-handed,117.0,No,10.5,2.0,No,7.0,10.0,18.0,8.0,Yes,No,1.0,0.4419889502762431,1009.0,Diploma
2025-01-16 15:11:41,MKTG,Male,23.0,170.0,57.0,3000.0,5000.0,1. Large Corporation,Yes,750.0,2. Public Transport,50.0,30.0,0. Right-handed,34.0,No,10.0,0.0,No,6.0,32.0,8.0,30.0,Yes,Yes,1.0,3.703703703703704,1009.0,Diploma
2025-01-16 22:25:04,MKTG,Male,26.0,168.0,80.0,0.0,800.0,2. Small Company,No,4000.0,2. Public Transport,50.0,100.0,0. Right-handed,30.0,No,9.0,2.0,No,7.0,5.0,6.0,0.0,Yes,No,1.0,0.0,1009.0,Diploma
2025-01-17 00:47:57,BABI,Male,21.0,183.0,71.0,4000.0,5000.0,1. Large Corporation,Yes,100.0,3. Drive,100.0,30.0,0. Right-handed,0.0,No,10.5,0.0,No,7.5,20.0,4.0,5.0,Yes,No,0.5,1.2195121951219514,1001.0,Advanced Study
2025-01-17 02:41:44,OMPT,Male,22.0,167.64,79.55,,1.0,1. Large Corporation,Yes,,2. Public Transport,5.0,40.0,0. Right-handed,80.0,No,,,Yes,,,245.0,10.0,Yes,Yes,,0.0407996736026111,1012.0,Diploma
2025-01-17 02:51:34,BMGT,Male,20.0,178.0,84.0,3000.0,6000.0,1. Large Corporation,Yes,300.0,3. Drive,150.0,100.0,0. Right-handed,70.0,Yes,11.0,0.0,No,7.0,10.0,15.0,16.0,Yes,No,1.0,1.0596026490066226,1004.0,Diploma
2025-01-17 04:00:17,BBAD,Female,22.0,172.0,57.0,0.0,4000.0,1. Large Corporation,No,1200.0,2. Public Transport,0.0,200.0,0. Right-handed,50.0,No,9.0,4.0,No,7.0,15.0,10.0,12.0,Yes,Yes,2.0,1.188118811881188,1003.0,Bachelor's Degree
2025-01-17 05:05:28,BABI,Male,20.0,172.0,64.0,0.0,5000.0,1. Large Corporation,No,1400.0,2. Public Transport,0.0,300.0,0. Right-handed,39.0,No,10.25,0.0,Yes,8.0,7.0,3.0,15.0,Yes,No,1.0,4.838709677419355,1001.0,Advanced Study
2025-01-17 08:50:38,ITMG,Female,26.0,,60.0,2500.0,2000.0,1. Large Corporation,Yes,2500.0,3. Drive,300.0,20.0,0. Right-handed,50.0,No,,0.0,No,8.0,30.0,10.0,20.0,Yes,No,0.0,1.98019801980198,1008.0,Diploma
2025-01-18 04:53:57,BMGT,Male,27.0,173.0,72.0,6000.0,6000.0,4. Other,No,2200.0,5. Other,180.0,50.0,0. Right-handed,50.0,No,10.0,0.0,Yes,5.0,2.0,10.0,20.0,Yes,Yes,,1.98019801980198,1004.0,Diploma
2025-01-18 15:44:28,BABI,Female,29.0,165.0,62.0,3200.0,5000.0,1. Large Corporation,Yes,150.0,2. Public Transport,0.0,300.0,0. Right-handed,25.0,No,,2.0,No,7.0,14.0,24.0,25.0,Yes,No,0.5,1.0373443983402488,1001.0,Advanced Study
2025-01-19 08:47:16,BMGT,Male,22.0,188.0,72.0,3200.0,5000.0,2. Small Company,Yes,300.0,3. Drive,100.0,100.0,0. Right-handed,0.0,No,11.0,8.0,No,8.0,24.0,10.0,0.0,Yes,No,1.0,0.0,1004.0,Diploma
2025-01-19 11:41:28,BBAD,Female,24.0,165.1,175.0,2000.0,5100.0,3. Non-profit or Government Agency,Yes,300.0,3. Drive,300.0,100.0,1. Left-handed,100.0,No,9.5,1.0,No,6.0,50.0,20.0,20.0,Yes,Yes,1.0,0.9950248756218903,1003.0,Bachelor's Degree
2025-01-19 12:09:31,BABI,Female,21.0,167.0,165.0,0.0,5000.0,3. Non-profit or Government Agency,No,1000.0,2. Public Transport,0.0,20.0,0. Right-handed,45.0,No,9.0,0.0,No,6.0,5.0,10.0,22.0,Yes,No,1.0,2.1782178217821784,1001.0,Advanced Study
2025-01-19 14:24:34,BMGT,Female,19.0,182.0,55.0,0.0,5500.0,2. Small Company,Yes,1000.0,2. Public Transport,110.0,200.0,0. Right-handed,35.0,No,9.9,2.0,No,5.0,12.0,30.0,24.0,Yes,No,1.0,0.7973421926910299,1004.0,Diploma
2025-01-20 02:55:29,BMGT,Female,22.0,157.0,55.0,0.0,2000.0,1. Large Corporation,Yes,750.0,3. Drive,400.0,200.0,0. Right-handed,100.0,No,,1.0,Yes,8.0,3.0,4.0,16.0,Yes,Yes,2.0,3.902439024390244,1004.0,Diploma
2025-01-20 03:33:05,COMP,Male,21.0,169.0,125.0,0.0,,1. Large Corporation,Yes,300.0,3. Drive,400.0,30.0,0. Right-handed,70.0,No,10.3,0.0,No,7.0,40.0,,0.0,Yes,No,0.0,,1005.0,Diploma
2025-01-20 14:43:04,ITMG,Female,23.0,157.0,73.0,0.0,5447.0,2. Small Company,Yes,300.0,2. Public Transport,68.0,12.0,0. Right-handed,0.0,No,8.5,1.0,Yes,6.0,4.0,21.0,0.0,Yes,Yes,0.0,0.0,1008.0,Diploma
2025-01-23 01:33:54,MKTG,Female,18.0,170.0,119.2,0.0,1040.0,2. Small Company,No,1350.0,2. Public Transport,47.0,20.0,0. Right-handed,29.0,No,12.2,0.0,No,5.0,21.0,35.0,15.0,Yes,Yes,2.0,0.4273504273504273,1009.0,Diploma
